[
  {"model": "users.hobby", "pk": 1,
    "fields": {"title": "Фехтование", "title_ru": "Фехтование", "title_en": "Fencing"}},
  {"model": "users.hobby", "pk": 2,
    "fields": {"title": "Рисование", "title_ru": "Рисование", "title_en": "Painting"}},
  {"model": "users.hobby", "pk": 20,
    "fields": {"title": "Видеоигры", "title_ru": "Видеоигры", "title_en": "Video games"}},
  {"model": "users.hobby", "pk": 11,
    "fields": {"title": "Настольные игры", "title_ru": "Настольные игры", "title_en": "Board games"}},
  {"model": "users.hobby", "pk": 14,
    "fields": {"title": "Охота и рыбалка", "title_ru": "Охота и рыбалка", "title_en": "Hunting and fishing"}},
  {"model": "users.hobby", "pk": 6,
    "fields": {"title": "Фильмы и сериалы", "title_ru": "Фильмы и сериалы", "title_en": "Films and serials"}},
  {"model": "users.hobby", "pk": 18,
    "fields": {"title": "Рукоделие", "title_ru": "Рукоделие", "title_en": "Handiwork"}},
  {"model": "users.hobby", "pk": 3,
    "fields": {"title": "Туризм", "title_ru": "Туризм", "title_en": "Tourism"}},
  {"model": "users.hobby", "pk": 9,
    "fields": {"title": "Писательство", "title_ru": "Писательство", "title_en": "Writing"}},
  {"model": "users.hobby", "pk": 8,
    "fields": {"title": ":Животные", "title_ru": "Животные", "title_en": "Animals"}},
  {"model": "users.hobby", "pk": 5,
    "fields": {"title": "Спорт", "title_ru": "Спорт", "title_en": "Sport"}},
  {"model": "users.hobby", "pk": 19,
    "fields": {"title": "Искусство", "title_ru": "Искусство", "title_en": "Art"}},
  {"model": "users.hobby", "pk": 15,
    "fields": {"title": "Фотографирование", "title_ru": "Фотографирование", "title_en": "Photographing"}},
  {"model": "users.hobby", "pk": 13,
    "fields": {"title": "Коллекционирование", "title_ru": "Коллекционирование", "title_en": "Collecting"}},
  {"model": "users.hobby", "pk": 7,
    "fields": {"title": "Музыка", "title_ru": "Музыка", "title_en": "Music"}},
  {"model": "users.hobby", "pk": 12,
    "fields": {"title": "Магия", "title_ru": "Магия", "title_en": "Magic"}},
  {"model": "users.hobby", "pk": 17,
    "fields": {"title": "Чтение", "title_ru": "Чтение", "title_en": "Reading"}},
  {"model": "users.hobby", "pk": 10,
    "fields": {"title": "Кулинария", "title_ru": "Кулинария", "title_en": "Cooking"}},
  {"model": "users.hobby", "pk": 16,
    "fields": {"title": "Наука", "title_ru": "Наука", "title_en": "Science"}},
  {"model": "users.hobby", "pk": 4,
    "fields": {"title": "Танцы", "title_ru": "Танцы", "title_en": "Dances"}}
]
